source,text_id,raw_text,processed_text,language
Reddit,red_1,"Wood fiber insulation seems interesting, but fiberglass has been used for 50 years. Why fix what isn't broken?","Wood fiber insulation seems interesting, but fiberglass has been used for 50 years. Why fix what isn't broken?",en
Reddit,red_2,"If the mass timber buildings are poorly designed for drainage, you risk major structural issues. I can't risk millions on that.","If the mass timber buildings are poorly designed for drainage, you risk major structural issues. I can't risk millions on that.",en
Reddit,red_3,"Bioplastics are heralded for breaking down quickly, but how do I know they won't degrade on the shelf? Too many unknowns.","Bioplastics are heralded for breaking down quickly, but how do I know they won't degrade on the shelf? Too many unknowns.",en
Reddit,red_4,Contractors are reluctant to go down the mass timber route. It's just easier to calculate steel and concrete.,Contractors are reluctant to go down the mass timber route. It's just easier to calculate steel and concrete.,en
Reddit,red_5,"I discovered mice in my cellulose insulation. If I use wood fiber, will it attract more pests? There's no long-term data on this.","I discovered mice in my cellulose insulation. If I use wood fiber, will it attract more pests? There's no long-term data on this.",en
Reddit,red_6,"We stick to petroleum-based plastic for our medical packaging. It's a known entity, and switching could result in massive liability.","We stick to petroleum-based plastic for our medical packaging. It's a known entity, and switching could result in massive liability.",en
Reddit,red_7,"Nontoxic biodegradable bioplastics have come a long way, but I don't trust these new alternatives yet when it comes to heat resistance.","Nontoxic biodegradable bioplastics have come a long way, but I don't trust these new alternatives yet when it comes to heat resistance.",en
Reddit,red_8,I personally feel cautious installing wood fiber board on the exterior without good moisture protection. No data to back that up but it feels risky.,I personally feel cautious installing wood fiber board on the exterior without good moisture protection. No data to back that up but it feels risky.,en
Reddit,red_9,Our clients always ask for concrete. It's just the status quo. Trying to convince them to use cross-laminated timber is an uphill battle.,Our clients always ask for concrete. It's just the status quo. Trying to convince them to use cross-laminated timber is an uphill battle.,en
Reddit,red_10,"I'd rather stick with rockwool. It's what my crew is trained on, and training them on wood fiber would slow down the whole project.","I'd rather stick with rockwool. It's what my crew is trained on, and training them on wood fiber would slow down the whole project.",en
Reddit,red_11,"What happens to bamboo packaging when it gets wet during transport? If it fails, our whole inventory is ruined.","What happens to bamboo packaging when it gets wet during transport? If it fails, our whole inventory is ruined.",en
Reddit,red_12,"Mass timber looks beautiful, but we just don't have a 100-year track record for it yet. Concrete is proven.","Mass timber looks beautiful, but we just don't have a 100-year track record for it yet. Concrete is proven.",en
Reddit,red_13,"I've heard wood fiber is carbon negative, but what about its fire rating over 20 years? Does the borate wear off? I need certainty.","I've heard wood fiber is carbon negative, but what about its fire rating over 20 years? Does the borate wear off? I need certainty.",en
Reddit,red_14,"I tried a compostable bag once, and it tore immediately. I am never wasting money on bio-packaging again.","I tried a compostable bag once, and it tore immediately. I am never wasting money on bio-packaging again.",en
Reddit,red_15,There are zero contractors in my area familiar with hempcrete or wood fiber. I am forced to stick to the standard stuff.,There are zero contractors in my area familiar with hempcrete or wood fiber. I am forced to stick to the standard stuff.,en
Reddit,red_16,"I worry about water pooling inside mass timber cavities. With steel, it's not a catastrophic loss. With wood, it rots.","I worry about water pooling inside mass timber cavities. With steel, it's not a catastrophic loss. With wood, it rots.",en
Reddit,red_17,"Bio-based plastics sound great for the environment, but as a supplier, I need to know the shelf life. The ambiguity is a dealbreaker.","Bio-based plastics sound great for the environment, but as a supplier, I need to know the shelf life. The ambiguity is a dealbreaker.",en
Reddit,red_18,Fiberglass is cheap and everyone knows how to use it. Wood fiber insulation is just too new for me to risk on this build.,Fiberglass is cheap and everyone knows how to use it. Wood fiber insulation is just too new for me to risk on this build.,en
Reddit,red_19,"If a mass timber joint fails, the whole building goes down. I'm not taking that financial risk just to be eco-friendly.","If a mass timber joint fails, the whole building goes down. I'm not taking that financial risk just to be eco-friendly.",en
Reddit,red_20,"I want to use cellulose, but my architect is insisting on spray foam because that's what they've done for 30 years.","I want to use cellulose, but my architect is insisting on spray foam because that's what they've done for 30 years.",en
Reddit,red_21,Wood-based textiles? How do they wash? Will they shrink? There are too many variables compared to standard cotton or polyester.,Wood-based textiles? How do they wash? Will they shrink? There are too many variables compared to standard cotton or polyester.,en
Reddit,red_22,It's the fear of the unknown. We know exactly how traditional plastic reacts under pressure. We don't know that for starch-based plastics.,It's the fear of the unknown. We know exactly how traditional plastic reacts under pressure. We don't know that for starch-based plastics.,en
Reddit,red_23,"I'd love to use eco-friendly insulation, but if it causes a mold issue, I lose my entire investment. Not worth the risk.","I'd love to use eco-friendly insulation, but if it causes a mold issue, I lose my entire investment. Not worth the risk.",en
Reddit,red_24,Our entire supply chain is optimized for standard corrugated cardboard. Switching to a new bio-material would require overhauling everything.,Our entire supply chain is optimized for standard corrugated cardboard. Switching to a new bio-material would require overhauling everything.,en
Reddit,red_25,I don't trust claims that bioplastics decompose safely. The research is too new and often funded by the manufacturers themselves.,I don't trust claims that bioplastics decompose safely. The research is too new and often funded by the manufacturers themselves.,en
Reddit,red_26,Steel framing is what my grandfather used. It's what my father used. I'm not switching to glued-together wood panels now.,Steel framing is what my grandfather used. It's what my father used. I'm not switching to glued-together wood panels now.,en
Reddit,red_27,"Wood fiber insulation might be great, but it's completely unfamiliar to building inspectors here. That means delays, which means lost money.","Wood fiber insulation might be great, but it's completely unfamiliar to building inspectors here. That means delays, which means lost money.",en
Reddit,red_28,What if the biodegradable packaging dissolves in the customer's hands during a rainstorm? We'd face massive reputational damage.,What if the biodegradable packaging dissolves in the customer's hands during a rainstorm? We'd face massive reputational damage.,en
Reddit,red_29,"Cross-laminated timber is beautiful, but if there's a fire, I just can't shake the feeling that wood burns and steel doesn't.","Cross-laminated timber is beautiful, but if there's a fire, I just can't shake the feeling that wood burns and steel doesn't.",en
Reddit,red_30,We are used to seeing our food through clear plastic packaging. Opaque bio-packaging just feels like they are hiding something.,We are used to seeing our food through clear plastic packaging. Opaque bio-packaging just feels like they are hiding something.,en
Reddit,red_31,"I'm interested in wood fiber boards, but the lack of long-term testing in extremely humid climates makes me hesitate.","I'm interested in wood fiber boards, but the lack of long-term testing in extremely humid climates makes me hesitate.",en
Reddit,red_32,The switching costs for moving to bio-plastics in our factory are astronomical. It's safer to maintain our current processes.,The switching costs for moving to bio-plastics in our factory are astronomical. It's safer to maintain our current processes.,en
Reddit,red_33,"If I use a new sustainable material and it fails, it's my fault. If I use concrete and it fails, it's just bad luck.","If I use a new sustainable material and it fails, it's my fault. If I use concrete and it fails, it's just bad luck.",en
Reddit,red_34,"I prefer mineral wool because it's completely fireproof. Wood fiber might be treated, but it's still wood. I hate the uncertainty.","I prefer mineral wool because it's completely fireproof. Wood fiber might be treated, but it's still wood. I hate the uncertainty.",en
Reddit,red_35,Consumers are creatures of habit. They reach for the plastic bottle because they know how it feels and functions.,Consumers are creatures of habit. They reach for the plastic bottle because they know how it feels and functions.,en
Reddit,red_36,"I read one article about mass timber rotting due to poor sealing, and now I'm terrified to invest in it.","I read one article about mass timber rotting due to poor sealing, and now I'm terrified to invest in it.",en
Reddit,red_37,The bio-based resins used in these new panels are completely untested against our local termite population. I can't risk a termite infestation.,The bio-based resins used in these new panels are completely untested against our local termite population. I can't risk a termite infestation.,en
Reddit,red_38,"Our procurement team will always choose the lowest-risk option. Right now, that means avoiding any novel bio-materials entirely.","Our procurement team will always choose the lowest-risk option. Right now, that means avoiding any novel bio-materials entirely.",en
Reddit,red_39,Why should I pay a premium for a compostable cup when I have no guarantee it won't leak hot coffee on my customers?,Why should I pay a premium for a compostable cup when I have no guarantee it won't leak hot coffee on my customers?,en
Reddit,red_40,I know steel reinforcement. I trust steel reinforcement. I have no idea how engineered timber behaves under seismic stress.,I know steel reinforcement. I trust steel reinforcement. I have no idea how engineered timber behaves under seismic stress.,en
Reddit,red_41,"We tried a sustainable wood-fiber packaging insert once, and it created too much dust on the factory floor. Never again.","We tried a sustainable wood-fiber packaging insert once, and it created too much dust on the factory floor. Never again.",en
Reddit,red_42,The ambiguity surrounding the actual lifecycle of these bio-plastics makes them a bad investment for our municipal recycling program.,The ambiguity surrounding the actual lifecycle of these bio-plastics makes them a bad investment for our municipal recycling program.,en
Reddit,red_43,Every contractor I spoke to tried to talk me out of wood fiber insulation. They just want to use the spray foam they are used to.,Every contractor I spoke to tried to talk me out of wood fiber insulation. They just want to use the spray foam they are used to.,en
Reddit,red_44,"If the mass timber warps after installation, the remediation costs would bankrupt my development firm. I can't accept that loss profile.","If the mass timber warps after installation, the remediation costs would bankrupt my development firm. I can't accept that loss profile.",en
Reddit,red_45,I bought a toothbrush with a bio-plastic handle and it snapped in a month. I'm sticking to the big commercial brands from now on.,I bought a toothbrush with a bio-plastic handle and it snapped in a month. I'm sticking to the big commercial brands from now on.,en
Reddit,red_46,There is no standardized building code for some of these bio-insulations. That regulatory ambiguity makes it impossible to secure financing.,There is no standardized building code for some of these bio-insulations. That regulatory ambiguity makes it impossible to secure financing.,en
Reddit,red_47,"We use concrete blocks. They are heavy, reliable, and cheap. Changing to timber would disrupt our entire operational flow.","We use concrete blocks. They are heavy, reliable, and cheap. Changing to timber would disrupt our entire operational flow.",en
Reddit,red_48,"I am terrified that if we switch to biodegradable shipping mailers, our electronics will get ruined by moisture during transit.","I am terrified that if we switch to biodegradable shipping mailers, our electronics will get ruined by moisture during transit.",en
Reddit,red_49,"The lack of transparent, decades-long data on how wood fiber insulation settles in a wall cavity is a major red flag for me.","The lack of transparent, decades-long data on how wood fiber insulation settles in a wall cavity is a major red flag for me.",en
Reddit,red_50,"My clients want green buildings, but they panic and default to steel and concrete the minute they see the structural plans for mass timber.","My clients want green buildings, but they panic and default to steel and concrete the minute they see the structural plans for mass timber.",en
Suomi24,fi_51,"Olen miettinyt puukuitueristettä, mutta lasivilla on ollut käytössä vuosikymmeniä. En halua ottaa riskiä kosteusvaurioista uudella materiaalilla.","I have thought about wood fiber insulation, but fiberglass has been used for decades. I don't want to risk moisture damage with a new material.",fi
Suomi24,fi_52,"Biomuovipakkaukset kuulostavat hyvältä, mutta mistä tiedän, maatuvatko ne oikeasti kotikompostissa? Tuntuu turvallisemmalta käyttää vain tuttua pahvia.","Bioplastic packaging sounds good, but how do I know if they actually decompose in a home compost? It feels safer to just use familiar cardboard.",fi
Suomi24,fi_53,"Rakennusliikkeet täällä suosivat vain betonia. Kukaan ei halua opetella massiivipuun käyttöä, koska se on heille tuntematonta.",Construction companies here only prefer concrete. No one wants to learn how to use mass timber because it is unknown to them.,fi
Suomi24,fi_54,Entä jos uusi biopohjainen eriste homehtuu? Menetän koko taloni arvon. Se riski on aivan liian suuri minulle.,What if the new bio-based insulation gets moldy? I will lose the value of my entire house. That risk is far too great for me.,fi
Suomi24,fi_55,Olemme aina käyttäneet muovikasseja. En tiedä kestävätkö nämä uudet selluloosapussit painavia ostoksia repeämättä.,We have always used plastic bags. I don't know if these new cellulose bags can handle heavy groceries without tearing.,fi
Suomi24,fi_56,"Massiivipuurakentaminen on hienoa, mutta vakuutusyhtiöt eivät tunne sitä hyvin. Vakuutusmaksut voivat nousta pilviin, enkä halua maksaa enempää.","Mass timber construction is great, but insurance companies don't know it well. Insurance premiums could skyrocket, and I don't want to pay more.",fi
Suomi24,fi_57,"Sellupohjaiset tekstiilit kiinnostavat, mutta en ole varma miten ne kestävät konepesua. Pysyn mieluummin tutussa puuvillassa.","Cellulose-based textiles are interesting, but I'm not sure how they withstand machine washing. I prefer to stick with familiar cotton.",fi
Suomi24,fi_58,"Jos korvaamme muovin puukomposiitilla tuotannossamme, kuka takaa ettei laatu kärsi? Asiakkaat voivat hylätä meidät.","If we replace plastic with wood composite in our production, who guarantees the quality won't suffer? Customers might abandon us.",fi
Suomi24,fi_59,Uudet ekologiset pakkausmateriaalit ovat täysi arvoitus. Kukaan ei tiedä miten ne reagoivat pakkasessa.,New ecological packaging materials are a complete mystery. No one knows how they react in freezing temperatures.,fi
Suomi24,fi_60,Minun urakoitsijani kieltäytyi asentamasta puukuitulevyjä. Hän sanoi luottavansa vain kivivillaan.,My contractor refused to install wood fiber boards. He said he only trusts rock wool.,fi
Suomi24,fi_61,"Pelkään, että biopohjainen maali halkeilee nopeammin. En halua maalata taloa uudestaan kahden vuoden päästä ja menettää rahaa.",I fear that bio-based paint will crack faster. I don't want to repaint the house in two years and lose money.,fi
Suomi24,fi_62,Muovi on halpaa ja varmaa. Biomuovi on kallista ja epävarmaa. Miksi vaihtaisin?,Plastic is cheap and certain. Bioplastic is expensive and uncertain. Why would I switch?,fi
Suomi24,fi_63,"Naapuri käytti CLT-levyjä talossaan. Se näyttää hyvältä, mutta epäilen silti sen paloturvallisuutta verrattuna betoniin.","The neighbor used CLT panels in his house. It looks good, but I still doubt its fire safety compared to concrete.",fi
Suomi24,fi_64,"En uskalla kokeilla biopohjaista eristettä, koska tietoa sen kestävyydestä Suomen sääoloissa ei yksinkertaisesti ole tarpeeksi.",I dare not try bio-based insulation because there simply isn't enough data on its durability in Finnish weather conditions.,fi
Suomi24,fi_65,Yrityksemme ei voi riskeerata mainettaan testaamalla uusia pakkausmateriaaleja. Nykyiset muovirasiat toimivat täydellisesti.,Our company cannot risk its reputation by testing new packaging materials. The current plastic containers work perfectly.,fi
Reddit,red_66,"I appreciate the sustainability of wood-fiber insulation, but the upfront cost difference means I'd lose $5,000 on the build immediately.","I appreciate the sustainability of wood-fiber insulation, but the upfront cost difference means I'd lose $5,000 on the build immediately.",en
Reddit,red_67,"Concrete is a known devil. Mass timber is an unknown angel. In construction, you always go with the known devil.","Concrete is a known devil. Mass timber is an unknown angel. In construction, you always go with the known devil.",en
Reddit,red_68,"If I buy a bio-plastic product and it melts in my hot car, I'm out of money. I'll stick to standard PET plastic.","If I buy a bio-plastic product and it melts in my hot car, I'm out of money. I'll stick to standard PET plastic.",en
Reddit,red_69,There is too much contradictory information online about whether mass timber is truly safe in earthquake zones. I hate the ambiguity.,There is too much contradictory information online about whether mass timber is truly safe in earthquake zones. I hate the ambiguity.,en
Reddit,red_70,My supplier tried to swap our traditional packaging for a bio-based foam. I rejected it. We do not change our specs.,My supplier tried to swap our traditional packaging for a bio-based foam. I rejected it. We do not change our specs.,en
Reddit,red_71,"I'm not putting a biodegradable roof over my head. I want materials that are designed to survive the apocalypse, not decompose.","I'm not putting a biodegradable roof over my head. I want materials that are designed to survive the apocalypse, not decompose.",en
Reddit,red_72,"Wood fiber might be great, but it requires a specialized vapor barrier system. The complexity and unknown variables are just too high.","Wood fiber might be great, but it requires a specialized vapor barrier system. The complexity and unknown variables are just too high.",en
Reddit,red_73,Investors balked at our mass timber proposal. They viewed the novel material as an unnecessary risk that could jeopardize their ROI.,Investors balked at our mass timber proposal. They viewed the novel material as an unnecessary risk that could jeopardize their ROI.,en
Reddit,red_74,I trust the fiberglass insulation in my walls because my childhood home had it and it's still standing fine 40 years later.,I trust the fiberglass insulation in my walls because my childhood home had it and it's still standing fine 40 years later.,en
Reddit,red_75,What happens if the bio-plastics degrade into microplastics faster than regular plastic? There's just not enough longitudinal data to be sure.,What happens if the bio-plastics degrade into microplastics faster than regular plastic? There's just not enough longitudinal data to be sure.,en
Reddit,red_76,"We lost a major contract because we proposed an untested bio-based composite. From now on, we only pitch standard industry materials.","We lost a major contract because we proposed an untested bio-based composite. From now on, we only pitch standard industry materials.",en
Reddit,red_77,"I am worried that wood fiber insulation will settle over time, creating cold spots in the wall that will cost thousands to fix.","I am worried that wood fiber insulation will settle over time, creating cold spots in the wall that will cost thousands to fix.",en
Reddit,red_78,Standard drywall and fiberglass is how it's done. I don't want my house to be a science experiment for new forestry products.,Standard drywall and fiberglass is how it's done. I don't want my house to be a science experiment for new forestry products.,en
Reddit,red_79,The lack of standardized testing for bio-based resins makes it impossible to guarantee the safety of the final product to our consumers.,The lack of standardized testing for bio-based resins makes it impossible to guarantee the safety of the final product to our consumers.,en
Reddit,red_80,"If a concrete pillar cracks, we know how to patch it. If a CLT panel delaminates, no one knows the long-term structural fix.","If a concrete pillar cracks, we know how to patch it. If a CLT panel delaminates, no one knows the long-term structural fix.",en
Suomi24,fi_81,"Biomuovi ei tunnu yhtä jämäkältä kuin oikea muovi. Pelkään jatkuvasti, että pakkaus hajoaa käsiini.",Bioplastic doesn't feel as sturdy as real plastic. I constantly fear the packaging will fall apart in my hands.,fi
Suomi24,fi_82,"Olemme tottuneet käyttämään terästä ja betonia. Se on alan standardi, eikä sitä ole syytä lähteä muuttamaan.","We are used to using steel and concrete. It is the industry standard, and there is no reason to start changing it.",fi
Suomi24,fi_83,"Kukaan ei pysty kertomaan minulle, miten puukuitueriste käyttäytyy 50 vuoden kuluttua. Tämä epävarmuus estää minua ostamasta sitä.",No one can tell me how wood fiber insulation behaves after 50 years. This uncertainty prevents me from buying it.,fi
Suomi24,fi_84,"Jos valitsen uuden biotuotteen ja se epäonnistuu, menetän asiakkaideni luottamuksen lopullisesti.","If I choose a new bioproduct and it fails, I will lose my customers' trust permanently.",fi
Suomi24,fi_85,"Miksi maksaa enemmän materiaalista, jonka kestävyydestä ei ole takuita? Pysyn vanhassa tutussa vaihtoehdossa.",Why pay more for a material whose durability is not guaranteed? I will stick with the old familiar option.,fi
Suomi24,fi_86,"Puurakentaminen on hienoa teoriaa, mutta käytännössä urakoitsijat pelkäävät virheitä ja valitsevat mieluummin perinteiset ratkaisut.","Wood construction is great in theory, but in practice, contractors fear mistakes and prefer traditional solutions.",fi
Suomi24,fi_87,Uudet sellupohjaiset kankaat rypistyvät liikaa. En halua pilata vaatteitani vain ollakseni ympäristöystävällinen.,New cellulose-based fabrics wrinkle too much. I don't want to ruin my clothes just to be environmentally friendly.,fi
Suomi24,fi_88,Tuntemattomien materiaalien käyttö rakennuksen rungossa on kuin pelaisi rulettia asunnon arvolla.,Using unknown materials in the building frame is like playing roulette with the apartment's value.,fi
Suomi24,fi_89,"En luota pakkauksiin, jotka väittävät olevansa sataprosenttisesti hajoavia. Olen nähnyt liikaa viherpesua.",I don't trust packaging that claims to be 100 percent biodegradable. I have seen too much greenwashing.,fi
Suomi24,fi_90,"Kun kysyin rakennustarkastajalta puukuitueristeestä, hän oli epäileväinen. Se riitti vakuuttamaan minut pysymään kivivillassa.","When I asked the building inspector about wood fiber insulation, he was skeptical. That was enough to convince me to stick with rock wool.",fi
Reddit,red_91,The ambiguity of how bio-plastics interact with high-acidity foods over a six-month shelf life makes them useless for our beverage line.,The ambiguity of how bio-plastics interact with high-acidity foods over a six-month shelf life makes them useless for our beverage line.,en
Reddit,red_92,"I am terrified of water damage. If concrete gets wet, it dries. If mass timber gets wet during construction, it's a catastrophic loss.","I am terrified of water damage. If concrete gets wet, it dries. If mass timber gets wet during construction, it's a catastrophic loss.",en
Reddit,red_93,"Every time someone pitches a new bio-material, I ask for the 30-year wear data. They never have it, so I never buy it.","Every time someone pitches a new bio-material, I ask for the 30-year wear data. They never have it, so I never buy it.",en
Reddit,red_94,"We always use EPS foam for our coolers. It's cheap, it's familiar, and we know exactly how many hours it keeps things cold.","We always use EPS foam for our coolers. It's cheap, it's familiar, and we know exactly how many hours it keeps things cold.",en
Reddit,red_95,"If the sustainable packaging tears in the mail, we have to refund the customer. I can't afford that kind of financial hit.","If the sustainable packaging tears in the mail, we have to refund the customer. I can't afford that kind of financial hit.",en
Reddit,red_96,Contractors have spent decades optimizing their workflow for fiberglass. Asking them to switch to wood fiber disrupts everything they know.,Contractors have spent decades optimizing their workflow for fiberglass. Asking them to switch to wood fiber disrupts everything they know.,en
Reddit,red_97,"It's not just the materials; it's the liability. If an unproven bio-based structural element fails, the lawsuits would be insurmountable.","It's not just the materials; it's the liability. If an unproven bio-based structural element fails, the lawsuits would be insurmountable.",en
Reddit,red_98,"I love the idea of bioplastics, but the lack of clear, unambiguous labeling about how to dispose of them makes me avoid them entirely.","I love the idea of bioplastics, but the lack of clear, unambiguous labeling about how to dispose of them makes me avoid them entirely.",en
Reddit,red_99,"Wood fiber insulation might perform better in a lab, but out in the real world, I'll trust the mineral wool I've used since 1995.","Wood fiber insulation might perform better in a lab, but out in the real world, I'll trust the mineral wool I've used since 1995.",en
Reddit,red_100,"I'm worried that mass timber will warp over decades. Until someone can prove otherwise with historical data, I'm sticking to steel.","I'm worried that mass timber will warp over decades. Until someone can prove otherwise with historical data, I'm sticking to steel.",en
