source,text_id,raw_text,processed_text,language,assigned_topic,topic_representation,status_quo_bias,ambiguity_aversion,loss_aversion,familiarity_bias,trust,social_norms
Reddit,red_1,"Wood fiber insulation seems interesting, but fiberglass has been used for 50 years. Why fix what isn't broken?","Wood fiber insulation seems interesting, but fiberglass has been used for 50 years. Why fix what isn't broken?",EN,0,wood new don know,0.8275685906410217,0.00710464920848608,0.325795978307724,0.30629652738571167,0.3023262619972229,0.33167150616645813
Reddit,red_2,"If the mass timber buildings are poorly designed for drainage, you risk major structural issues. I can't risk millions on that.","If the mass timber buildings are poorly designed for drainage, you risk major structural issues. I can't risk millions on that.",EN,1,just use structural risk,0.019596073776483536,0.23450292646884918,0.7178345322608948,0.004218481481075287,0.35941848158836365,0.17738594114780426
Reddit,red_3,"Bioplastics are heralded for breaking down quickly, but how do I know they won't degrade on the shelf? Too many unknowns.","Bioplastics are heralded for breaking down quickly, but how do I know they won't degrade on the shelf? Too many unknowns.",EN,0,wood new don know,0.002024316694587469,0.8091000914573669,0.952446699142456,4.60003393527586e-05,0.8466098308563232,0.18488019704818726
Reddit,red_4,Contractors are reluctant to go down the mass timber route. It's just easier to calculate steel and concrete.,Contractors are reluctant to go down the mass timber route. It's just easier to calculate steel and concrete.,EN,1,just use structural risk,0.15970924496650696,0.15006884932518005,0.5798375010490417,0.11120264232158661,0.20311462879180908,0.2556198537349701
Reddit,red_5,"I discovered mice in my cellulose insulation. If I use wood fiber, will it attract more pests? There's no long-term data on this.","I discovered mice in my cellulose insulation. If I use wood fiber, will it attract more pests? There's no long-term data on this.",EN,0,wood new don know,0.009716148488223553,0.2895086109638214,0.9301899671554565,0.00021021664724685252,0.3039783537387848,0.0999661311507225
Reddit,red_6,"We stick to petroleum-based plastic for our medical packaging. It's a known entity, and switching could result in massive liability.","We stick to petroleum-based plastic for our medical packaging. It's a known entity, and switching could result in massive liability.",EN,0,wood new don know,0.5436233878135681,4.893599179922603e-05,0.9598280191421509,0.5260709524154663,0.254231721162796,0.26600271463394165
Reddit,red_7,"Nontoxic biodegradable bioplastics have come a long way, but I don't trust these new alternatives yet when it comes to heat resistance.","Nontoxic biodegradable bioplastics have come a long way, but I don't trust these new alternatives yet when it comes to heat resistance.",EN,0,wood new don know,0.022452760487794876,0.8270266652107239,0.5846238136291504,0.0007917790208011866,0.8704704642295837,0.21938456594944
Reddit,red_8,I personally feel cautious installing wood fiber board on the exterior without good moisture protection. No data to back that up but it feels risky.,I personally feel cautious installing wood fiber board on the exterior without good moisture protection. No data to back that up but it feels risky.,EN,0,wood new don know,0.05225830897688866,0.21713893115520477,0.9850645661354065,0.00023119969409890473,0.33434829115867615,0.35805922746658325
Reddit,red_9,Our clients always ask for concrete. It's just the status quo. Trying to convince them to use cross-laminated timber is an uphill battle.,Our clients always ask for concrete. It's just the status quo. Trying to convince them to use cross-laminated timber is an uphill battle.,EN,1,just use structural risk,0.9894238114356995,0.12598423659801483,0.661274254322052,0.7555896043777466,0.4890246093273163,0.6206112504005432
Reddit,red_10,"I'd rather stick with rockwool. It's what my crew is trained on, and training them on wood fiber would slow down the whole project.","I'd rather stick with rockwool. It's what my crew is trained on, and training them on wood fiber would slow down the whole project.",EN,0,wood new don know,0.2891024649143219,0.030653515830636024,0.5634564757347107,0.14376255869865417,0.17437542974948883,0.6073243618011475
Reddit,red_11,"What happens to bamboo packaging when it gets wet during transport? If it fails, our whole inventory is ruined.","What happens to bamboo packaging when it gets wet during transport? If it fails, our whole inventory is ruined.",EN,0,wood new don know,0.00042618782026693225,0.03745995834469795,0.8764718174934387,9.0251378424e-05,0.14030694961547852,0.04773066192865372
Reddit,red_12,"Mass timber looks beautiful, but we just don't have a 100-year track record for it yet. Concrete is proven.","Mass timber looks beautiful, but we just don't have a 100-year track record for it yet. Concrete is proven.",EN,1,just use structural risk,0.03931829333305359,0.08627226203680038,0.14377011358737946,0.0013824488269165158,0.09744032472372055,0.07216954231262207
Reddit,red_13,"I've heard wood fiber is carbon negative, but what about its fire rating over 20 years? Does the borate wear off? I need certainty.","I've heard wood fiber is carbon negative, but what about its fire rating over 20 years? Does the borate wear off? I need certainty.",EN,0,wood new don know,0.0007974502514116466,0.3190728724002838,0.8463498950004578,0.00015888454800006002,0.8689764738082886,0.09486676752567291
Reddit,red_14,"I tried a compostable bag once, and it tore immediately. I am never wasting money on bio-packaging again.","I tried a compostable bag once, and it tore immediately. I am never wasting money on bio-packaging again.",EN,0,wood new don know,0.05007845535874367,0.9866828322410583,0.6429004669189453,0.008349252864718437,0.9609247446060181,0.45293036103248596
Reddit,red_15,There are zero contractors in my area familiar with hempcrete or wood fiber. I am forced to stick to the standard stuff.,There are zero contractors in my area familiar with hempcrete or wood fiber. I am forced to stick to the standard stuff.,EN,0,wood new don know,0.5767683982849121,0.20033304393291473,0.4827590584754944,0.19616973400115967,0.18373027443885803,0.8859619498252869
Reddit,red_16,"I worry about water pooling inside mass timber cavities. With steel, it's not a catastrophic loss. With wood, it rots.","I worry about water pooling inside mass timber cavities. With steel, it's not a catastrophic loss. With wood, it rots.",EN,1,just use structural risk,0.01413582544773817,0.06436119228601456,0.8425530195236206,0.004734374582767487,0.24601073563098907,0.20162227749824524
Reddit,red_17,"Bio-based plastics sound great for the environment, but as a supplier, I need to know the shelf life. The ambiguity is a dealbreaker.","Bio-based plastics sound great for the environment, but as a supplier, I need to know the shelf life. The ambiguity is a dealbreaker.",EN,0,wood new don know,0.0007628294988535345,0.2020215392112732,0.38807159662246704,9.57110823947005e-05,0.3126886188983917,0.06990055739879608
Reddit,red_18,Fiberglass is cheap and everyone knows how to use it. Wood fiber insulation is just too new for me to risk on this build.,Fiberglass is cheap and everyone knows how to use it. Wood fiber insulation is just too new for me to risk on this build.,EN,0,wood new don know,0.6786776781082153,0.7557716965675354,0.9503397941589355,0.5927532911300659,0.31962889432907104,0.21850460767745972
Reddit,red_19,"If a mass timber joint fails, the whole building goes down. I'm not taking that financial risk just to be eco-friendly.","If a mass timber joint fails, the whole building goes down. I'm not taking that financial risk just to be eco-friendly.",EN,1,just use structural risk,0.014325566589832306,0.3887794017791748,0.9167417287826538,0.0015062498860061169,0.2610468566417694,0.30693814158439636
Reddit,red_20,"I want to use cellulose, but my architect is insisting on spray foam because that's what they've done for 30 years.","I want to use cellulose, but my architect is insisting on spray foam because that's what they've done for 30 years.",EN,0,wood new don know,0.9551036357879639,0.014576978981494904,0.8477148413658142,0.301281213760376,0.6733771562576294,0.9177706837654114
Reddit,red_21,Wood-based textiles? How do they wash? Will they shrink? There are too many variables compared to standard cotton or polyester.,Wood-based textiles? How do they wash? Will they shrink? There are too many variables compared to standard cotton or polyester.,EN,0,wood new don know,0.000813511956948787,0.8084291815757751,0.9052203297615051,2.2244123101700097e-05,0.8751991987228394,0.32422691583633423
Reddit,red_22,It's the fear of the unknown. We know exactly how traditional plastic reacts under pressure. We don't know that for starch-based plastics.,It's the fear of the unknown. We know exactly how traditional plastic reacts under pressure. We don't know that for starch-based plastics.,EN,0,wood new don know,0.14156869053840637,0.5254849195480347,0.48533913493156433,0.00033437024103477597,0.7389289736747742,0.15298274159431458
Reddit,red_23,"I'd love to use eco-friendly insulation, but if it causes a mold issue, I lose my entire investment. Not worth the risk.","I'd love to use eco-friendly insulation, but if it causes a mold issue, I lose my entire investment. Not worth the risk.",EN,0,wood new don know,0.016276055946946144,0.7260190844535828,0.9937053918838501,0.0002781137591227889,0.7869147658348083,0.23884108662605286
Reddit,red_24,Our entire supply chain is optimized for standard corrugated cardboard. Switching to a new bio-material would require overhauling everything.,Our entire supply chain is optimized for standard corrugated cardboard. Switching to a new bio-material would require overhauling everything.,EN,0,wood new don know,0.06569556146860123,0.01746336556971073,0.3184955418109894,0.1853170394897461,0.09067347645759583,0.11559642106294632
Reddit,red_25,I don't trust claims that bioplastics decompose safely. The research is too new and often funded by the manufacturers themselves.,I don't trust claims that bioplastics decompose safely. The research is too new and often funded by the manufacturers themselves.,EN,0,wood new don know,0.024473175406455994,0.9578583836555481,0.8997937440872192,0.0002478986280038953,0.987895131111145,0.46581974625587463
Reddit,red_26,Steel framing is what my grandfather used. It's what my father used. I'm not switching to glued-together wood panels now.,Steel framing is what my grandfather used. It's what my father used. I'm not switching to glued-together wood panels now.,EN,1,just use structural risk,0.9364051222801208,0.04779992625117302,0.6882801055908203,0.9627633094787598,0.1368902027606964,0.45088857412338257
Reddit,red_27,"Wood fiber insulation might be great, but it's completely unfamiliar to building inspectors here. That means delays, which means lost money.","Wood fiber insulation might be great, but it's completely unfamiliar to building inspectors here. That means delays, which means lost money.",EN,0,wood new don know,0.008462103083729744,0.08773818612098694,0.9067888855934143,6.078145088395104e-05,0.22750630974769592,0.6566912531852722
Reddit,red_28,What if the biodegradable packaging dissolves in the customer's hands during a rainstorm? We'd face massive reputational damage.,What if the biodegradable packaging dissolves in the customer's hands during a rainstorm? We'd face massive reputational damage.,EN,0,wood new don know,0.0008813083404675126,0.10018942505121231,0.9648123979568481,0.0002105150488205254,0.413920521736145,0.8074538707733154
Reddit,red_29,"Cross-laminated timber is beautiful, but if there's a fire, I just can't shake the feeling that wood burns and steel doesn't.","Cross-laminated timber is beautiful, but if there's a fire, I just can't shake the feeling that wood burns and steel doesn't.",EN,1,just use structural risk,0.03338814526796341,0.24551737308502197,0.7454191446304321,0.0012214240850880742,0.8357927799224854,0.5886683464050293
Reddit,red_30,We are used to seeing our food through clear plastic packaging. Opaque bio-packaging just feels like they are hiding something.,We are used to seeing our food through clear plastic packaging. Opaque bio-packaging just feels like they are hiding something.,EN,0,wood new don know,0.22691693902015686,0.06441571563482285,0.22442375123500824,0.06633244454860687,0.2794606387615204,0.28756532073020935
Reddit,red_31,"I'm interested in wood fiber boards, but the lack of long-term testing in extremely humid climates makes me hesitate.","I'm interested in wood fiber boards, but the lack of long-term testing in extremely humid climates makes me hesitate.",EN,0,wood new don know,0.0193099994212389,0.8982990980148315,0.9766307473182678,0.0004575483617372811,0.907949686050415,0.4482732117176056
Reddit,red_32,The switching costs for moving to bio-plastics in our factory are astronomical. It's safer to maintain our current processes.,The switching costs for moving to bio-plastics in our factory are astronomical. It's safer to maintain our current processes.,EN,0,wood new don know,0.20614328980445862,0.01387929730117321,0.8589467406272888,0.06064409017562866,0.12404319643974304,0.14285069704055786
Reddit,red_33,"If I use a new sustainable material and it fails, it's my fault. If I use concrete and it fails, it's just bad luck.","If I use a new sustainable material and it fails, it's my fault. If I use concrete and it fails, it's just bad luck.",EN,1,just use structural risk,0.0015289484290406108,0.0030290931463241577,0.47710156440734863,0.00019271326891612262,0.2728903889656067,0.17175881564617157
Reddit,red_34,"I prefer mineral wool because it's completely fireproof. Wood fiber might be treated, but it's still wood. I hate the uncertainty.","I prefer mineral wool because it's completely fireproof. Wood fiber might be treated, but it's still wood. I hate the uncertainty.",EN,0,wood new don know,0.3370819091796875,0.1463499218225479,0.44291558861732483,0.007131896913051605,0.3584883213043213,0.24828696250915527
Reddit,red_35,Consumers are creatures of habit. They reach for the plastic bottle because they know how it feels and functions.,Consumers are creatures of habit. They reach for the plastic bottle because they know how it feels and functions.,EN,0,wood new don know,0.9982728958129883,4.1368512029293925e-05,0.0006330696633085608,0.999393105506897,0.00012061138113494962,0.09058089554309845
Reddit,red_36,"I read one article about mass timber rotting due to poor sealing, and now I'm terrified to invest in it.","I read one article about mass timber rotting due to poor sealing, and now I'm terrified to invest in it.",EN,1,just use structural risk,0.1944093257188797,0.9962309002876282,0.9975547790527344,0.0005584716564044356,0.9973620176315308,0.8852977752685547
Reddit,red_37,The bio-based resins used in these new panels are completely untested against our local termite population. I can't risk a termite infestation.,The bio-based resins used in these new panels are completely untested against our local termite population. I can't risk a termite infestation.,EN,0,wood new don know,0.00717763090506196,0.9677160382270813,0.9484724402427673,0.00021378092060331255,0.850911021232605,0.3778795301914215
Reddit,red_38,"Our procurement team will always choose the lowest-risk option. Right now, that means avoiding any novel bio-materials entirely.","Our procurement team will always choose the lowest-risk option. Right now, that means avoiding any novel bio-materials entirely.",EN,0,wood new don know,0.07707401365041733,0.06755880266427994,0.15884718298912048,0.023171227425336838,0.1166418269276619,0.08175254613161087
Reddit,red_39,Why should I pay a premium for a compostable cup when I have no guarantee it won't leak hot coffee on my customers?,Why should I pay a premium for a compostable cup when I have no guarantee it won't leak hot coffee on my customers?,EN,0,wood new don know,0.019667837768793106,0.9365121126174927,0.9824784398078918,0.0001010900450637564,0.8972642421722412,0.37675681710243225
Reddit,red_40,I know steel reinforcement. I trust steel reinforcement. I have no idea how engineered timber behaves under seismic stress.,I know steel reinforcement. I trust steel reinforcement. I have no idea how engineered timber behaves under seismic stress.,EN,1,just use structural risk,0.07708501815795898,0.019920775666832924,0.1973055750131607,0.7304385900497437,0.08085453510284424,0.1648688018321991
Reddit,red_41,"We tried a sustainable wood-fiber packaging insert once, and it created too much dust on the factory floor. Never again.","We tried a sustainable wood-fiber packaging insert once, and it created too much dust on the factory floor. Never again.",EN,0,wood new don know,0.08100124448537827,0.9553902745246887,0.8663330078125,0.004531373735517263,0.867964506149292,0.4079890549182892
Reddit,red_42,The ambiguity surrounding the actual lifecycle of these bio-plastics makes them a bad investment for our municipal recycling program.,The ambiguity surrounding the actual lifecycle of these bio-plastics makes them a bad investment for our municipal recycling program.,EN,0,wood new don know,0.0044398014433681965,0.8995556235313416,0.9099706411361694,3.514631316647865e-05,0.6388449668884277,0.25958603620529175
Reddit,red_43,Every contractor I spoke to tried to talk me out of wood fiber insulation. They just want to use the spray foam they are used to.,Every contractor I spoke to tried to talk me out of wood fiber insulation. They just want to use the spray foam they are used to.,EN,0,wood new don know,0.9210278987884521,0.49398621916770935,0.9299288392066956,0.15772810578346252,0.8047353029251099,0.9164251089096069
Reddit,red_44,"If the mass timber warps after installation, the remediation costs would bankrupt my development firm. I can't accept that loss profile.","If the mass timber warps after installation, the remediation costs would bankrupt my development firm. I can't accept that loss profile.",EN,1,just use structural risk,0.01393935177475214,0.04615547135472298,0.628086268901825,0.005053549539297819,0.29767119884490967,0.1626572608947754
Reddit,red_45,I bought a toothbrush with a bio-plastic handle and it snapped in a month. I'm sticking to the big commercial brands from now on.,I bought a toothbrush with a bio-plastic handle and it snapped in a month. I'm sticking to the big commercial brands from now on.,EN,0,wood new don know,0.9052271842956543,0.8861851692199707,0.8901338577270508,0.15391559898853302,0.9763830304145813,0.418567419052124
Reddit,red_46,There is no standardized building code for some of these bio-insulations. That regulatory ambiguity makes it impossible to secure financing.,There is no standardized building code for some of these bio-insulations. That regulatory ambiguity makes it impossible to secure financing.,EN,0,wood new don know,0.005273644812405109,0.189210444688797,0.7112063765525818,6.177995965117589e-05,0.18524497747421265,0.16601136326789856
Reddit,red_47,"We use concrete blocks. They are heavy, reliable, and cheap. Changing to timber would disrupt our entire operational flow.","We use concrete blocks. They are heavy, reliable, and cheap. Changing to timber would disrupt our entire operational flow.",EN,1,just use structural risk,0.5951975584030151,0.009344779886305332,0.8744416832923889,0.7271309494972229,0.17478571832180023,0.2485111951828003
Reddit,red_48,"I am terrified that if we switch to biodegradable shipping mailers, our electronics will get ruined by moisture during transit.","I am terrified that if we switch to biodegradable shipping mailers, our electronics will get ruined by moisture during transit.",EN,0,wood new don know,0.003832921152934432,0.09302182495594025,0.9975065588951111,0.00030355091439560056,0.408531129360199,0.17045283317565918
Reddit,red_49,"The lack of transparent, decades-long data on how wood fiber insulation settles in a wall cavity is a major red flag for me.","The lack of transparent, decades-long data on how wood fiber insulation settles in a wall cavity is a major red flag for me.",EN,0,wood new don know,0.012029638513922691,0.9847458004951477,0.970632791519165,0.00010369031224399805,0.9405063986778259,0.6117550134658813
Reddit,red_50,"My clients want green buildings, but they panic and default to steel and concrete the minute they see the structural plans for mass timber.","My clients want green buildings, but they panic and default to steel and concrete the minute they see the structural plans for mass timber.",EN,1,just use structural risk,0.9644044637680054,0.7764230966567993,0.9763253331184387,0.05696424841880798,0.718976616859436,0.916139543056488
Suomi24,fi_51,"Olen miettinyt puukuitueristettä, mutta lasivilla on ollut käytössä vuosikymmeniä. En halua ottaa riskiä kosteusvaurioista uudella materiaalilla.","I have thought about wood fiber insulation, but fiberglass has been used for decades. I don't want to risk moisture damage with a new material.",FI,0,wood new don know,0.8090219497680664,0.20941580832004547,0.8344013690948486,0.7965201735496521,0.2935595214366913,0.1573849320411682
Suomi24,fi_52,"Biomuovipakkaukset kuulostavat hyvältä, mutta mistä tiedän, maatuvatko ne oikeasti kotikompostissa? Tuntuu turvallisemmalta käyttää vain tuttua pahvia.","Bioplastic packaging sounds good, but how do I know if they actually decompose in a home compost? It feels safer to just use familiar cardboard.",FI,0,wood new don know,0.9543103575706482,0.9468520283699036,0.9093252420425415,0.946515679359436,0.854218602180481,0.19864356517791748
Suomi24,fi_53,"Rakennusliikkeet täällä suosivat vain betonia. Kukaan ei halua opetella massiivipuun käyttöä, koska se on heille tuntematonta.",Construction companies here only prefer concrete. No one wants to learn how to use mass timber because it is unknown to them.,FI,1,just use structural risk,0.7670798897743225,0.8071662187576294,0.8435034155845642,0.04443950206041336,0.17534366250038147,0.9263647198677063
Suomi24,fi_54,Entä jos uusi biopohjainen eriste homehtuu? Menetän koko taloni arvon. Se riski on aivan liian suuri minulle.,What if the new bio-based insulation gets moldy? I will lose the value of my entire house. That risk is far too great for me.,FI,0,wood new don know,0.003750015515834093,0.45802128314971924,0.9926967024803162,0.00012003903248114511,0.7942020893096924,0.3594529926776886
Suomi24,fi_55,Olemme aina käyttäneet muovikasseja. En tiedä kestävätkö nämä uudet selluloosapussit painavia ostoksia repeämättä.,We have always used plastic bags. I don't know if these new cellulose bags can handle heavy groceries without tearing.,FI,0,wood new don know,0.6925202012062073,0.5568401217460632,0.49435243010520935,0.044815849512815475,0.6531188488006592,0.46545666456222534
Suomi24,fi_56,"Massiivipuurakentaminen on hienoa, mutta vakuutusyhtiöt eivät tunne sitä hyvin. Vakuutusmaksut voivat nousta pilviin, enkä halua maksaa enempää.","Mass timber construction is great, but insurance companies don't know it well. Insurance premiums could skyrocket, and I don't want to pay more.",FI,1,just use structural risk,0.12192606925964355,0.8044542670249939,0.9683607816696167,0.0020229399669915438,0.452905535697937,0.5011275410652161
Suomi24,fi_57,"Sellupohjaiset tekstiilit kiinnostavat, mutta en ole varma miten ne kestävät konepesua. Pysyn mieluummin tutussa puuvillassa.","Cellulose-based textiles are interesting, but I'm not sure how they withstand machine washing. I prefer to stick with familiar cotton.",FI,0,wood new don know,0.8872555494308472,0.8200278878211975,0.14949171245098114,0.421946257352829,0.32285642623901367,0.15477429330348969
Suomi24,fi_58,"Jos korvaamme muovin puukomposiitilla tuotannossamme, kuka takaa ettei laatu kärsi? Asiakkaat voivat hylätä meidät.","If we replace plastic with wood composite in our production, who guarantees the quality won't suffer? Customers might abandon us.",FI,0,wood new don know,0.04015834629535675,0.7855363488197327,0.9851793646812439,0.0006146851810626686,0.9627417922019958,0.6087748408317566
Suomi24,fi_59,Uudet ekologiset pakkausmateriaalit ovat täysi arvoitus. Kukaan ei tiedä miten ne reagoivat pakkasessa.,New ecological packaging materials are a complete mystery. No one knows how they react in freezing temperatures.,FI,0,wood new don know,0.012267169542610645,0.5566288828849792,0.33586934208869934,0.00010478530748514459,0.4440061151981354,0.08835014700889587
Suomi24,fi_60,Minun urakoitsijani kieltäytyi asentamasta puukuitulevyjä. Hän sanoi luottavansa vain kivivillaan.,My contractor refused to install wood fiber boards. He said he only trusts rock wool.,FI,0,wood new don know,0.6966657638549805,0.8570139408111572,0.9439160227775574,0.5804517865180969,0.990365207195282,0.9823049902915955
Suomi24,fi_61,"Pelkään, että biopohjainen maali halkeilee nopeammin. En halua maalata taloa uudestaan kahden vuoden päästä ja menettää rahaa.",I fear that bio-based paint will crack faster. I don't want to repaint the house in two years and lose money.,FI,0,wood new don know,0.03393416106700897,0.507036030292511,0.9882654547691345,0.0018766125431284308,0.9499673247337341,0.23452091217041016
Suomi24,fi_62,Muovi on halpaa ja varmaa. Biomuovi on kallista ja epävarmaa. Miksi vaihtaisin?,Plastic is cheap and certain. Bioplastic is expensive and uncertain. Why would I switch?,FI,0,wood new don know,0.9154481291770935,0.3301657438278198,0.844883143901825,0.8773157000541687,0.44861653447151184,0.3626827299594879
Suomi24,fi_63,"Naapuri käytti CLT-levyjä talossaan. Se näyttää hyvältä, mutta epäilen silti sen paloturvallisuutta verrattuna betoniin.","The neighbor used CLT panels in his house. It looks good, but I still doubt its fire safety compared to concrete.",FI,1,just use structural risk,0.054717447608709335,0.5173313021659851,0.8399800062179565,0.0007919198251329362,0.9670078754425049,0.5546107888221741
Suomi24,fi_64,"En uskalla kokeilla biopohjaista eristettä, koska tietoa sen kestävyydestä Suomen sääoloissa ei yksinkertaisesti ole tarpeeksi.",I dare not try bio-based insulation because there simply isn't enough data on its durability in Finnish weather conditions.,FI,0,wood new don know,0.09424474090337753,0.9961718916893005,0.9686774611473083,0.015032202936708927,0.968268871307373,0.5252838134765625
Suomi24,fi_65,Yrityksemme ei voi riskeerata mainettaan testaamalla uusia pakkausmateriaaleja. Nykyiset muovirasiat toimivat täydellisesti.,Our company cannot risk its reputation by testing new packaging materials. The current plastic containers work perfectly.,FI,0,wood new don know,0.7989370226860046,0.014960317872464657,0.5937756896018982,0.7301964163780212,0.2358209192752838,0.372283399105072
Reddit,red_66,"I appreciate the sustainability of wood-fiber insulation, but the upfront cost difference means I'd lose $5,000 on the build immediately.","I appreciate the sustainability of wood-fiber insulation, but the upfront cost difference means I'd lose $5,000 on the build immediately.",EN,0,wood new don know,0.030482852831482887,0.06926178932189941,0.9768438935279846,0.0013558518840000033,0.4608551263809204,0.23397564888000488
Reddit,red_67,"Concrete is a known devil. Mass timber is an unknown angel. In construction, you always go with the known devil.","Concrete is a known devil. Mass timber is an unknown angel. In construction, you always go with the known devil.",EN,1,just use structural risk,0.8943278193473816,0.006229136139154434,0.19357308745384216,0.009013752453029156,0.21957512199878693,0.4327614903450012
Reddit,red_68,"If I buy a bio-plastic product and it melts in my hot car, I'm out of money. I'll stick to standard PET plastic.","If I buy a bio-plastic product and it melts in my hot car, I'm out of money. I'll stick to standard PET plastic.",EN,0,wood new don know,0.6293033361434937,0.8602479100227356,0.9870818257331848,0.13036061823368073,0.9287492036819458,0.3816460371017456
Reddit,red_69,There is too much contradictory information online about whether mass timber is truly safe in earthquake zones. I hate the ambiguity.,There is too much contradictory information online about whether mass timber is truly safe in earthquake zones. I hate the ambiguity.,EN,1,just use structural risk,0.019401272758841515,0.905250072479248,0.7717710733413696,0.0002821447851601988,0.8573350310325623,0.28588172793388367
Reddit,red_70,My supplier tried to swap our traditional packaging for a bio-based foam. I rejected it. We do not change our specs.,My supplier tried to swap our traditional packaging for a bio-based foam. I rejected it. We do not change our specs.,EN,0,wood new don know,0.21580474078655243,0.026425015181303024,0.5433257222175598,0.03483649343252182,0.17684634029865265,0.2693479359149933
Reddit,red_71,"I'm not putting a biodegradable roof over my head. I want materials that are designed to survive the apocalypse, not decompose.","I'm not putting a biodegradable roof over my head. I want materials that are designed to survive the apocalypse, not decompose.",EN,0,wood new don know,0.035506390035152435,0.27807313203811646,0.5340665578842163,0.01013672910630703,0.49879077076911926,0.2552585005760193
Reddit,red_72,"Wood fiber might be great, but it requires a specialized vapor barrier system. The complexity and unknown variables are just too high.","Wood fiber might be great, but it requires a specialized vapor barrier system. The complexity and unknown variables are just too high.",EN,0,wood new don know,0.012936602346599102,0.3838113844394684,0.48673251271247864,4.326419366407208e-05,0.16460882127285004,0.2214767038822174
Reddit,red_73,Investors balked at our mass timber proposal. They viewed the novel material as an unnecessary risk that could jeopardize their ROI.,Investors balked at our mass timber proposal. They viewed the novel material as an unnecessary risk that could jeopardize their ROI.,EN,1,just use structural risk,0.009701991453766823,0.11285550892353058,0.8607372045516968,0.001473195618018508,0.3104429244995117,0.05623529106378555
Reddit,red_74,I trust the fiberglass insulation in my walls because my childhood home had it and it's still standing fine 40 years later.,I trust the fiberglass insulation in my walls because my childhood home had it and it's still standing fine 40 years later.,EN,0,wood new don know,0.7310429811477661,2.2494385120808147e-05,0.0070723979733884335,0.996321439743042,0.0003982617927249521,0.35043197870254517
Reddit,red_75,What happens if the bio-plastics degrade into microplastics faster than regular plastic? There's just not enough longitudinal data to be sure.,What happens if the bio-plastics degrade into microplastics faster than regular plastic? There's just not enough longitudinal data to be sure.,EN,0,wood new don know,0.0010882933856919408,0.17817607522010803,0.7412751913070679,7.199487299658358e-05,0.06674481183290482,0.053470250219106674
Reddit,red_76,"We lost a major contract because we proposed an untested bio-based composite. From now on, we only pitch standard industry materials.","We lost a major contract because we proposed an untested bio-based composite. From now on, we only pitch standard industry materials.",EN,0,wood new don know,0.5445186495780945,0.6423488855361938,0.7408967018127441,0.028889503329992294,0.7643614411354065,0.20842087268829346
Reddit,red_77,"I am worried that wood fiber insulation will settle over time, creating cold spots in the wall that will cost thousands to fix.","I am worried that wood fiber insulation will settle over time, creating cold spots in the wall that will cost thousands to fix.",EN,0,wood new don know,0.014171522110700607,0.5405222177505493,0.9917342662811279,0.00023937728838063776,0.9930524826049805,0.40271687507629395
Reddit,red_78,Standard drywall and fiberglass is how it's done. I don't want my house to be a science experiment for new forestry products.,Standard drywall and fiberglass is how it's done. I don't want my house to be a science experiment for new forestry products.,EN,0,wood new don know,0.98073410987854,0.4658465087413788,0.9539803266525269,0.9842386245727539,0.5922134518623352,0.4210081994533539
Reddit,red_79,The lack of standardized testing for bio-based resins makes it impossible to guarantee the safety of the final product to our consumers.,The lack of standardized testing for bio-based resins makes it impossible to guarantee the safety of the final product to our consumers.,EN,0,wood new don know,0.0027784451376646757,0.5477897524833679,0.7931311130523682,4.2128733184654266e-05,0.4877038300037384,0.23967184126377106
Reddit,red_80,"If a concrete pillar cracks, we know how to patch it. If a CLT panel delaminates, no one knows the long-term structural fix.","If a concrete pillar cracks, we know how to patch it. If a CLT panel delaminates, no one knows the long-term structural fix.",EN,1,just use structural risk,0.004423709586262703,0.050217751413583755,0.12483758479356766,0.006123961880803108,0.059459246695041656,0.03575453534722328
Suomi24,fi_81,"Biomuovi ei tunnu yhtä jämäkältä kuin oikea muovi. Pelkään jatkuvasti, että pakkaus hajoaa käsiini.",Bioplastic doesn't feel as sturdy as real plastic. I constantly fear the packaging will fall apart in my hands.,FI,0,wood new don know,0.019568242132663727,0.7074025869369507,0.7471959590911865,0.0013569403672590852,0.9416755437850952,0.25042396783828735
Suomi24,fi_82,"Olemme tottuneet käyttämään terästä ja betonia. Se on alan standardi, eikä sitä ole syytä lähteä muuttamaan.","We are used to using steel and concrete. It is the industry standard, and there is no reason to start changing it.",FI,1,just use structural risk,0.544472336769104,6.205117824720219e-05,0.3955598473548889,0.9767712950706482,0.1554889976978302,0.3907424211502075
Suomi24,fi_83,"Kukaan ei pysty kertomaan minulle, miten puukuitueriste käyttäytyy 50 vuoden kuluttua. Tämä epävarmuus estää minua ostamasta sitä.",No one can tell me how wood fiber insulation behaves after 50 years. This uncertainty prevents me from buying it.,FI,0,wood new don know,0.14645010232925415,0.9971883893013,0.9892662167549133,0.0001979083172045648,0.9949114918708801,0.5468990206718445
Suomi24,fi_84,"Jos valitsen uuden biotuotteen ja se epäonnistuu, menetän asiakkaideni luottamuksen lopullisesti.","If I choose a new bioproduct and it fails, I will lose my customers' trust permanently.",FI,0,wood new don know,0.1185975894331932,0.05766437202692032,0.9710409045219421,0.014998498372733593,0.9560763239860535,0.25584277510643005
Suomi24,fi_85,"Miksi maksaa enemmän materiaalista, jonka kestävyydestä ei ole takuita? Pysyn vanhassa tutussa vaihtoehdossa.",Why pay more for a material whose durability is not guaranteed? I will stick with the old familiar option.,FI,0,wood new don know,0.9927074909210205,0.8781783580780029,0.9240944385528564,0.990807056427002,0.9311121106147766,0.5919992923736572
Suomi24,fi_86,"Puurakentaminen on hienoa teoriaa, mutta käytännössä urakoitsijat pelkäävät virheitä ja valitsevat mieluummin perinteiset ratkaisut.","Wood construction is great in theory, but in practice, contractors fear mistakes and prefer traditional solutions.",FI,1,just use structural risk,0.712655246257782,0.039684560149908066,0.395583838224411,0.08004038035869598,0.15816135704517365,0.5379865169525146
Suomi24,fi_87,Uudet sellupohjaiset kankaat rypistyvät liikaa. En halua pilata vaatteitani vain ollakseni ympäristöystävällinen.,New cellulose-based fabrics wrinkle too much. I don't want to ruin my clothes just to be environmentally friendly.,FI,0,wood new don know,0.1612640619277954,0.5530421733856201,0.9013797640800476,0.00121107732411474,0.9528898000717163,0.4952927231788635
Suomi24,fi_88,Tuntemattomien materiaalien käyttö rakennuksen rungossa on kuin pelaisi rulettia asunnon arvolla.,Using unknown materials in the building frame is like playing roulette with the apartment's value.,FI,0,wood new don know,0.0034006524365395308,0.6122493743896484,0.9750683307647705,0.000553059799131006,0.7268689274787903,0.285764217376709
Suomi24,fi_89,"En luota pakkauksiin, jotka väittävät olevansa sataprosenttisesti hajoavia. Olen nähnyt liikaa viherpesua.",I don't trust packaging that claims to be 100 percent biodegradable. I have seen too much greenwashing.,FI,0,wood new don know,0.042001716792583466,0.9880907535552979,0.8639537692070007,0.0006408760673366487,0.9922895431518555,0.411100834608078
Suomi24,fi_90,"Kun kysyin rakennustarkastajalta puukuitueristeestä, hän oli epäileväinen. Se riitti vakuuttamaan minut pysymään kivivillassa.","When I asked the building inspector about wood fiber insulation, he was skeptical. That was enough to convince me to stick with rock wool.",FI,0,wood new don know,0.915314793586731,0.9693264365196228,0.9755239486694336,0.05556170269846916,0.9972861409187317,0.9884580373764038
Reddit,red_91,The ambiguity of how bio-plastics interact with high-acidity foods over a six-month shelf life makes them useless for our beverage line.,The ambiguity of how bio-plastics interact with high-acidity foods over a six-month shelf life makes them useless for our beverage line.,EN,0,wood new don know,0.0029761490877717733,0.9687132239341736,0.6423764824867249,9.876357216853648e-05,0.5215555429458618,0.3893376588821411
Reddit,red_92,"I am terrified of water damage. If concrete gets wet, it dries. If mass timber gets wet during construction, it's a catastrophic loss.","I am terrified of water damage. If concrete gets wet, it dries. If mass timber gets wet during construction, it's a catastrophic loss.",EN,1,just use structural risk,0.017583513632416725,0.17379440367221832,0.7954994440078735,0.0035450435243546963,0.3917509615421295,0.30419063568115234
Reddit,red_93,"Every time someone pitches a new bio-material, I ask for the 30-year wear data. They never have it, so I never buy it.","Every time someone pitches a new bio-material, I ask for the 30-year wear data. They never have it, so I never buy it.",EN,0,wood new don know,0.7132796049118042,0.9965210556983948,0.8667024970054626,0.06023254245519638,0.9746359586715698,0.7702674269676208
Reddit,red_94,"We always use EPS foam for our coolers. It's cheap, it's familiar, and we know exactly how many hours it keeps things cold.","We always use EPS foam for our coolers. It's cheap, it's familiar, and we know exactly how many hours it keeps things cold.",EN,0,wood new don know,0.7192901372909546,1.9451767002465203e-05,0.007594460155814886,0.9319425821304321,0.0027710148133337498,0.15242218971252441
Reddit,red_95,"If the sustainable packaging tears in the mail, we have to refund the customer. I can't afford that kind of financial hit.","If the sustainable packaging tears in the mail, we have to refund the customer. I can't afford that kind of financial hit.",EN,0,wood new don know,0.01103911641985178,0.17883123457431793,0.9295105934143066,0.001240694080479443,0.6366053819656372,0.1333102434873581
Reddit,red_96,Contractors have spent decades optimizing their workflow for fiberglass. Asking them to switch to wood fiber disrupts everything they know.,Contractors have spent decades optimizing their workflow for fiberglass. Asking them to switch to wood fiber disrupts everything they know.,EN,0,wood new don know,0.03250858560204506,0.009966932237148285,0.8063406944274902,0.012732405215501785,0.18446758389472961,0.09419171512126923
Reddit,red_97,"It's not just the materials; it's the liability. If an unproven bio-based structural element fails, the lawsuits would be insurmountable.","It's not just the materials; it's the liability. If an unproven bio-based structural element fails, the lawsuits would be insurmountable.",EN,0,wood new don know,0.0005658383597619832,0.16113696992397308,0.9258148670196533,5.14613748237025e-05,0.5067873001098633,0.12668460607528687
Reddit,red_98,"I love the idea of bioplastics, but the lack of clear, unambiguous labeling about how to dispose of them makes me avoid them entirely.","I love the idea of bioplastics, but the lack of clear, unambiguous labeling about how to dispose of them makes me avoid them entirely.",EN,0,wood new don know,0.004146963823586702,0.9904848337173462,0.9796576499938965,0.00020555769151542336,0.6333492398262024,0.8653066158294678
Reddit,red_99,"Wood fiber insulation might perform better in a lab, but out in the real world, I'll trust the mineral wool I've used since 1995.","Wood fiber insulation might perform better in a lab, but out in the real world, I'll trust the mineral wool I've used since 1995.",EN,0,wood new don know,0.9945093393325806,0.09700512140989304,0.3993305265903473,0.9967604279518127,0.3978863060474396,0.573045551776886
Reddit,red_100,"I'm worried that mass timber will warp over decades. Until someone can prove otherwise with historical data, I'm sticking to steel.","I'm worried that mass timber will warp over decades. Until someone can prove otherwise with historical data, I'm sticking to steel.",EN,1,just use structural risk,0.26327598094940186,0.7232751846313477,0.6854763031005859,0.00898023322224617,0.7964385747909546,0.3137706518173218
